{"cameraMode":{"drawMode":0,"name":"Shaded","section":"Shading Mode"},"sceneLighting":false,"audioPlay":false,"sceneViewState":{"showFog":true,"showMaterialUpdate":false,"showSkybox":false,"showFlares":true,"showImageEffects":true,"showParticleSystems":true},"in2DMode":false,"pivot":{"x":0.0,"y":0.01231359876692295,"z":0.0020641107112169267},"rotation":{"x":-0.04978900030255318,"y":0.0020943337585777046,"z":-0.00010392023978056386,"w":-0.998760998249054},"size":0.0405397042632103,"orthographic":false}