{"cameraMode":{"drawMode":0,"name":"Shaded","section":"Shading Mode"},"sceneLighting":true,"audioPlay":false,"sceneViewState":{"showFog":true,"showMaterialUpdate":false,"showSkybox":true,"showFlares":true,"showImageEffects":true,"showParticleSystems":true},"in2DMode":false,"pivot":{"x":689.510009765625,"y":40.2469482421875,"z":353.376220703125},"rotation":{"x":-0.04978900030255318,"y":0.0020943337585777046,"z":-0.00010392023978056386,"w":-0.998760998249054},"size":10.0,"orthographic":false}